{
  "index": 284,
  "nodeIds": [
    263,
    269,
    270
  ],
  "nodesRef": [
    [
      0.014881328073635765,
      0.18323026536657422,
      3.094791239790786
    ],
    [
      0.001601577909270218,
      0.18592982708560868,
      3.536904274046613
    ],
    [
      0.0009388560157790935,
      0.18092982708560867,
      3.536904274046613
    ]
  ],
  "nodesCur": [
    [
      0.014946749276345267,
      0.1829711447298195,
      3.0929102651012754
    ],
    [
      -0.397825979323539,
      -0.21111306146117598,
      5.410750613413883
    ],
    [
      15.845435333175207,
      12.198617486568354,
      -44.659859403288515
    ]
  ],
  "forces": [
    [
      2292564613.127618,
      9565568268.402079,
      -33219592402.819763
    ],
    [
      111863984702637.34,
      460570367362893.8,
      -1647456323450702.5
    ],
    [
      -111866277267250.47,
      -460579932931162.25,
      1647489543043105
    ]
  ],
  "forcesMax": 1647489543043105,
  "area": 0.0011154702791128287,
  "Dm": [
    [
      0.4423206692624668,
      0.44231005020767794
    ],
    [
      -3.2526065174565133e-19,
      0.005043717631250574
    ]
  ],
  "Ds": [
    [
      2.3267397725330756,
      -48.13229705541619
    ],
    [
      0.44980359691462135,
      -14.092890953597262
    ]
  ],
  "DmInv": [
    [
      2.260803235054372,
      -198.261692171423
    ],
    [
      1.4579530169299629e-16,
      198.26645207179314
    ]
  ],
  "F": [
    [
      5.260300804872444,
      -10004.323131787944
    ],
    [
      1.0169174270436667,
      -2883.3263110734842
    ]
  ],
  "elem": {
    "E": 50000000,
    "nu": 0.3,
    "thickness": 0.00025,
    "prestress": 19200
  }
}