{
  "index": 44,
  "nodeIds": [
    84,
    87,
    88
  ],
  "nodesRef": [
    [
      0.03684126984126984,
      0.5081400816432913,
      2.7038460158937627
    ],
    [
      0.002095238095238097,
      0.39829788663549937,
      3.6051280211916836
    ],
    [
      0.001601577909270218,
      0.38829788663549936,
      3.6051280211916836
    ]
  ],
  "nodesCur": [
    [
      0.037238229237742636,
      0.5078295676974491,
      2.7025263061910225
    ],
    [
      -0.020102684423212964,
      0.3468719252198488,
      3.7098856077749454
    ],
    [
      4.196534841543639,
      4.481979877356705,
      -3.266481139621269
    ]
  ],
  "forces": [
    [
      -133103624.34653693,
      -1292638138.8909686,
      2129718740.5220907
    ],
    [
      98053241608.11017,
      953611549569.1351,
      -1566824278582.7666
    ],
    [
      -97920137983.76361,
      -952318911430.2441,
      1564694559842.2444
    ]
  ],
  "forcesMax": 1566824278582.7666,
  "area": 0.004514279358240404,
  "Dm": [
    [
      0.9086153463375288,
      0.9098431207605209
    ],
    [
      0,
      0.009936612619271035
    ]
  ],
  "Ds": [
    [
      1.0208798751698869,
      -6.560320018655988
    ],
    [
      0.038692577232089714,
      -3.395542364682172
    ]
  ],
  "DmInv": [
    [
      1.1005757321080112,
      -100.77390526349296
    ],
    [
      0,
      100.63791739859147
    ]
  ],
  "F": [
    [
      1.1235556160094333,
      -763.094995971604
    ],
    [
      0.0425841115143529,
      -345.61951413268935
    ]
  ],
  "elem": {
    "E": 50000000,
    "nu": 0.3,
    "thickness": 0.00025,
    "prestress": 12000
  }
}